{
	"0" : [ -2.29591128523381, 1.38958563900522 ],
	"1" : [ -1.999352913476249, -0.402660974111375 ],
	"10" : [ -0.688224328213587, -1.518684277319161 ],
	"11" : [ -0.588706466149026, -0.786388356519751 ],
	"12" : [ -0.467643410000893, -0.854627948061902 ],
	"13" : [ -0.100823970467303, -0.614121443253689 ],
	"14" : [ -2.132331247000154, -0.430133705825672 ],
	"15" : [ 0.345762039580444, 0.191934130821386 ],
	"16" : [ 0.97394240430432, 0.064146726375981 ],
	"17" : [ 1.112685557817729, -0.000951191980157 ],
	"18" : [ 1.27845339963982, 0.10741693920727 ],
	"19" : [ 0.967308752441747, 0.068785650813353 ],
	"2" : [ -0.960064720114903, -1.298082970273535 ],
	"20" : [ -0.986103967147208, -1.321719539926503 ],
	"21" : [ 1.149659920509028, -0.422561237156771 ],
	"22" : [ -0.567934383227541, -1.071626476141604 ],
	"23" : [ -0.399799232790663, -1.817449327595011 ],
	"24" : [ 1.18289474818205, -1.461220511596817 ],
	"25" : [ 1.155113705574355, -0.87471892341287 ],
	"26" : [ 1.144282803830915, -0.939173441730498 ],
	"27" : [ 1.080000952073306, -0.993675361166832 ],
	"28" : [ 1.004975426078668, -0.723053873865824 ],
	"29" : [ 0.526359016584582, -0.545251949575933 ],
	"3" : [ -0.234551312815997, -1.371062357677999 ],
	"30" : [ 0.258312103027875, -0.767137734478726 ],
	"31" : [ 0.21500112108794, -0.86798825944132 ],
	"32" : [ -0.826780172134281, -1.842168487116522 ],
	"33" : [ -0.845679159128619, -1.318144772737577 ],
	"34" : [ 0.7473115698838, -1.126145667088108 ],
	"35" : [ 0.074581822175019, -1.236226290279683 ],
	"36" : [ 1.128957849138742, -0.83995819496188 ],
	"37" : [ -0.358560822312273, -0.840417413938159 ],
	"38" : [ -0.12649755061089, -1.212352999340269 ],
	"39" : [ -0.099943661290758, -1.338314123008643 ],
	"4" : [ -1.363403332483967, -1.117830523481905 ],
	"40" : [ -1.891456619874821, -0.759592261615636 ],
	"41" : [ 0.809303929144185, 0.811408047890673 ],
	"42" : [ 0.898303990304109, 0.462911643453877 ],
	"43" : [ 0.799361600235793, 0.557810609206195 ],
	"44" : [ 0.914905909780929, 1.166851663300476 ],
	"45" : [ 0.837331504230527, 1.530936549067335 ],
	"46" : [ 0.754232383879322, 0.871084163440902 ],
	"47" : [ 0.851724960972656, 0.817674558168752 ],
	"48" : [ -1.60170428907803, -0.957651925669814 ],
	"49" : [ 0.093426636296955, -1.848242108007915 ],
	"5" : [ -1.545062419151696, -1.028800823273761 ],
	"50" : [ -1.131385051812207, -0.813474148350748 ],
	"51" : [ -0.648152011768272, -0.570183592214155 ],
	"52" : [ 0.590381481283653, 0.192509170512922 ],
	"53" : [ 0.702489027076187, 0.85606375514281 ],
	"54" : [ 0.973527155464589, 0.834235178785516 ],
	"55" : [ 0.996607783207067, 0.767234781813363 ],
	"56" : [ 0.783095736204726, 0.696711287044052 ],
	"57" : [ 0.698141883611935, -0.033556319850963 ],
	"58" : [ 0.801179605106258, -0.207502198072019 ],
	"59" : [ 0.657490651979333, 1.382236974274821 ],
	"6" : [ 0.467392992704527, -0.666713046581999 ],
	"60" : [ 0.558013878661213, 0.969869654397648 ],
	"61" : [ 0.633028615990584, 1.006033584195879 ],
	"62" : [ 0.564748530794368, 0.404826538781643 ],
	"63" : [ 0.613944385318157, 0.839315324995293 ],
	"64" : [ 0.532449332900641, 0.766644067137807 ],
	"65" : [ 0.796773697848213, 1.458159339928976 ],
	"66" : [ 0.679533731487657, 1.217541368567734 ],
	"67" : [ 0.048520079627903, 0.938266854671654 ],
	"68" : [ 0.180612594869595, 0.41312499143264 ],
	"69" : [ -1.497609278387575, -0.010996244239418 ],
	"7" : [ -2.293623170013002, -0.273318843473207 ],
	"70" : [ -0.442299687559183, 0.512257944535155 ],
	"71" : [ -2.033158163131987, 0.600395767180329 ],
	"72" : [ -0.658859876818458, -0.110733555059135 ],
	"73" : [ -0.368526794465824, -0.306188123852492 ],
	"74" : [ 0.641406129343174, -0.540215925543397 ],
	"75" : [ 0.110564775392134, -0.459325460787458 ],
	"76" : [ 0.344038837236683, 0.047151270091413 ],
	"77" : [ 0.252519737510031, -0.124560632629361 ],
	"78" : [ 0.488929234491388, 2.66669886617935 ],
	"79" : [ 1.66587597618774, 1.079859275598664 ],
	"8" : [ -1.279712671911652, -0.562742328967048 ],
	"80" : [ 1.642590019486091, 1.714037779065795 ],
	"81" : [ -0.111702847339269, 1.033435197927124 ],
	"82" : [ 0.611573174420189, 1.134243052099887 ],
	"83" : [ 0.829465189974722, 2.180369714760407 ],
	"84" : [ 0.258585721942723, 1.146257346795988 ],
	"85" : [ -0.828864909537509, 0.544400370099899 ],
	"86" : [ -0.119570079779352, 0.708005693585176 ],
	"87" : [ -0.29070861098961, 0.767193562410941 ],
	"88" : [ -1.683536085579508, 1.542839667487888 ],
	"89" : [ -0.550061926256021, -0.412838973457322 ],
	"9" : [ -2.490492438338153, 1.002471298938672 ],
	"90" : [ -1.021807562797737, 0.951089281877212 ],
	"91" : [ -0.897067637708303, 1.226459563642471 ]
}
