{
	"0" : [ 477.50543212890625, -48.664554595947266, 2041.960205078125, 22.395647048950195, 26.784217834472656 ],
	"1" : [ 376.34173583984375, -42.943202972412109, 1301.414794921875, 49.179862976074219, 8.858412742614746 ],
	"10" : [ 166.408340454101562, -34.084423065185547, 827.87371826171875, 116.529342651367188, 2.948934316635132 ],
	"11" : [ 241.354110717773438, -34.706615447998047, 1085.169189453125, 119.478279113769531, 7.650975227355957 ],
	"12" : [ 451.560791015625, -34.130867004394531, 1068.7940673828125, 127.129249572753906, 17.298866271972656 ],
	"13" : [ 560.04058837890625, -31.175754547119141, 1170.0623779296875, 144.428115844726562, 2.310385465621948 ],
	"14" : [ 350.539825439453125, -47.357666015625, 1247.865478515625, 146.738510131835938, 6.803446769714355 ],
	"15" : [ 416.658538818359375, -26.219013214111328, 1494.0413818359375, 153.541946411132812, 0.963628113269806 ],
	"16" : [ 420.482025146484375, -20.318578720092773, 1430.07763671875, 154.505584716796875, 0.986848056316376 ],
	"17" : [ 415.5465087890625, -20.841007232666016, 1414.2811279296875, 155.492431640625, 1.393197298049927 ],
	"18" : [ 402.11309814453125, -18.345651626586914, 1474.259521484375, 156.8856201171875, 1.323537468910217 ],
	"19" : [ 426.6494140625, -21.745065689086914, 1453.604248046875, 158.20916748046875, 1.544126987457275 ],
	"2" : [ 318.15753173828125, -33.982845306396484, 936.97869873046875, 58.038276672363281, 7.256235599517822 ],
	"20" : [ 276.9566650390625, -36.999862670898438, 901.1588134765625, 159.753280639648438, 7.534875392913818 ],
	"21" : [ 311.301177978515625, -21.033552169799805, 1244.9635009765625, 167.288162231445312, 1.160997748374939 ],
	"22" : [ 304.4130859375, -33.427204132080078, 973.50787353515625, 168.44915771484375, 3.738412618637085 ],
	"23" : [ 211.285675048828125, -32.585983276367188, 631.89801025390625, 172.187576293945312, 3.413333415985107 ],
	"24" : [ 201.362564086914062, -20.292499542236328, 817.85882568359375, 175.600906372070312, 1.03328800201416 ],
	"25" : [ 215.429122924804688, -19.590732574462891, 1051.55029296875, 176.634201049804688, 1.253877520561218 ],
	"26" : [ 219.190475463867188, -19.802932739257812, 1051.52685546875, 177.888076782226562, 0.940408170223236 ],
	"27" : [ 235.976608276367188, -19.86512565612793, 1040.9486083984375, 178.828475952148438, 1.613786816596985 ],
	"28" : [ 293.488006591796875, -21.993930816650391, 1088.82080078125, 180.4422607421875, 1.753106594085693 ],
	"29" : [ 223.941421508789062, -24.493053436279297, 1206.15234375, 182.19537353515625, 1.381587266921997 ],
	"3" : [ 290.313995361328125, -33.153507232666016, 868.37054443359375, 65.294509887695312, 4.597550868988037 ],
	"30" : [ 255.48040771484375, -26.978300094604492, 1103.02587890625, 183.57696533203125, 1.428027153015137 ],
	"31" : [ 262.6783447265625, -26.891334533691406, 1062.602783203125, 185.004989624023438, 1.195827722549438 ],
	"32" : [ 163.236602783203125, -36.717903137207031, 755.60955810546875, 186.200820922851562, 3.947392225265503 ],
	"33" : [ 433.77252197265625, -36.069053649902344, 833.9466552734375, 190.148208618164062, 14.466032028198242 ],
	"34" : [ 166.831222534179688, -22.616434097290039, 988.3797607421875, 204.614242553710938, 4.260861873626709 ],
	"35" : [ 307.814208984375, -27.097949981689453, 870.51251220703125, 208.875106811523438, 1.660226702690125 ],
	"36" : [ 221.779891967773438, -19.81391716003418, 1044.869873046875, 210.535324096679688, 1.0797278881073 ],
	"37" : [ 238.890533447265625, -34.891227722167969, 1082.5020751953125, 211.61505126953125, 7.209795951843262 ],
	"38" : [ 231.650466918945312, -30.181676864624023, 906.378173828125, 218.824859619140625, 7.383945465087891 ],
	"39" : [ 248.593551635742188, -29.447366714477539, 847.3851318359375, 226.20880126953125, 1.416417241096497 ],
	"4" : [ 256.554779052734375, -41.115779876708984, 943.04931640625, 69.892066955566406, 3.877732515335083 ],
	"40" : [ 255.506149291992188, -44.650863647460938, 1130.68017578125, 227.625213623046875, 18.099954605102539 ],
	"41" : [ 227.177932739257812, -22.454769134521484, 1728.6737060546875, 245.725173950195312, 1.486077070236206 ],
	"42" : [ 220.922958374023438, -21.924383163452148, 1627.3387451171875, 247.21124267578125, 4.098321914672852 ],
	"43" : [ 210.456405639648438, -22.531499862670898, 1638.74755859375, 251.3095703125, 1.962086200714111 ],
	"44" : [ 290.885284423828125, -21.788463592529297, 1911.2332763671875, 253.271652221679688, 1.0448979139328 ],
	"45" : [ 537.49383544921875, -22.171833038330078, 2091.697509765625, 254.316558837890625, 1.776326537132263 ],
	"46" : [ 346.231536865234375, -23.55504035949707, 1785.263427734375, 256.092864990234375, 1.207437634468079 ],
	"47" : [ 316.59307861328125, -22.340633392333984, 1760.3631591796875, 257.300323486328125, 1.160997748374939 ],
	"48" : [ 256.341888427734375, -39.64678955078125, 1115.5224609375, 258.4613037109375, 5.944308280944824 ],
	"49" : [ 164.721542358398438, -29.182291030883789, 789.8665771484375, 264.405609130859375, 2.449705123901367 ],
	"5" : [ 156.643997192382812, -39.997016906738281, 970.33612060546875, 73.769798278808594, 8.243083953857422 ],
	"50" : [ 274.431915283203125, -40.905891418457031, 1107.4671630859375, 266.855316162109375, 16.358457565307617 ],
	"51" : [ 352.329437255859375, -32.718463897705078, 1206.6971435546875, 283.213775634765625, 0.998458027839661 ],
	"52" : [ 341.850555419921875, -25.179174423217773, 1557.293212890625, 284.212249755859375, 1.509297013282776 ],
	"53" : [ 411.676605224609375, -26.38935661315918, 1654.603515625, 285.721527099609375, 1.311927437782288 ],
	"54" : [ 441.089569091796875, -21.179744720458984, 1778.8216552734375, 287.033477783203125, 1.381587266921997 ],
	"55" : [ 393.95806884765625, -21.59672737121582, 1740.092041015625, 288.415069580078125, 3.424943208694458 ],
	"56" : [ 351.61761474609375, -22.847858428955078, 1698.394287109375, 291.839996337890625, 2.786394596099854 ],
	"57" : [ 373.849639892578125, -23.590488433837891, 1452.4127197265625, 294.62640380859375, 1.149387717247009 ],
	"58" : [ 380.43060302734375, -22.548147201538086, 1300.166015625, 295.775787353515625, 1.404807209968567 ],
	"59" : [ 331.7471923828125, -23.496564865112305, 2024.177490234375, 297.18060302734375, 4.005442142486572 ],
	"6" : [ 266.748199462890625, -26.151105880737305, 1134.908935546875, 82.01287841796875, 1.950476169586182 ],
	"60" : [ 294.912384033203125, -24.561466217041016, 1817.4354248046875, 301.18603515625, 7.058866024017334 ],
	"61" : [ 284.526092529296875, -23.878017425537109, 1823.6046142578125, 308.244903564453125, 9.961360931396484 ],
	"62" : [ 368.310211181640625, -24.912574768066406, 1575.916015625, 318.206268310546875, 6.907936573028564 ],
	"63" : [ 355.8543701171875, -24.388708114624023, 1755.1964111328125, 325.11419677734375, 2.356825351715088 ],
	"64" : [ 254.565109252929688, -24.869543075561523, 1634.119384765625, 327.47100830078125, 21.919637680053711 ],
	"65" : [ 389.412322998046875, -22.71843147277832, 2044.1878662109375, 349.390655517578125, 10.019410133361816 ],
	"66" : [ 454.793304443359375, -23.561008453369141, 1916.0137939453125, 359.410064697265625, 12.213696479797363 ],
	"67" : [ 470.11920166015625, -32.493881225585938, 1792.185302734375, 371.623779296875, 76.974151611328125 ],
	"68" : [ 506.87152099609375, -27.582069396972656, 1576.9349365234375, 448.597900390625, 2.054965972900391 ],
	"69" : [ 399.214935302734375, -42.066932678222656, 1542.6546630859375, 450.65289306640625, 5.027120113372803 ],
	"7" : [ 287.542633056640625, -48.877304077148438, 1771.6396484375, 83.963356018066406, 19.110023498535156 ],
	"70" : [ 451.22021484375, -33.138900756835938, 1658.6353759765625, 455.67999267578125, 3.13469386100769 ],
	"71" : [ 291.322418212890625, -47.300926208496094, 1740.877197265625, 458.814697265625, 7.209795951843262 ],
	"72" : [ 242.362228393554688, -34.714591979980469, 1354.489013671875, 466.02447509765625, 2.716734647750854 ],